,T.S.Elliot,Shakespeare
CatMan,0.00898203592814,0.0
Shakespeare,0.00303951367781