,T.S.Elliot,Shakespeare
CatMan,2.42418364923,2.96692394097
Shakespeare,2.549606841