,T.S.Elliot,Shakespeare
CatMan,0.15625,0.103225806452
Shakespeare,0.102564102564