,T.S.Elliot,Shakespeare
CatMan,2.25777128998,2.87292591796
Shakespeare,2.45248675661